genes,logFC
1363,6.117066092
347,5.773844547
345557,-5.744630048
10202,5.761859156
23213,-5.343304708
10125,-5.158877978
5327,5.252518988
10409,5.072724129
57575,-5.170903535
5104,4.953375675
10561,-5.173324563
753,-4.711298098
29909,-4.620891755
63928,5.036561834
132430,-4.757574113
55008,-4.67274937
100505967,4.185385966
6445,4.680801051
27443,4.31763342
23639,4.666493624
624,4.097847816
54809,-4.030809342
29933,-4.106073949
256764,4.016466722
25849,4.194849907
5314,4.125222703
101929206,4.081961903
7052,-3.790543481
171019,-3.669766368
26834,-3.572841368
1836,3.73818262
7366,3.633081274
223117,-3.614607191
57526,4.0822406
7078,3.712486749
3694,-3.651479833
1326,3.523183292
3623,3.827613169
9383,-3.676357816
4286,3.934094002
56999,3.773735555
90649,3.527510734
5655,3.630209231
8519,-3.599598024
10317,3.854058782
339479,-3.774579248
3429,-3.384216074
4128,3.556011139
2515,3.993653219
55601,-3.359543793
79689,3.819736295
347731,-3.620690344
57586,3.931082783
3437,-3.401656665
1290,3.617490591
2568,-3.298032796
150,3.898749594
6781,3.236409638
857,-3.221212429
83872,-3.164029079
12,3.1833486
53353,-3.291010984
8001,3.126192226
6097,3.187148507
1636,3.761643299
684,-3.176867969
339862,3.295818492
728378,3.130722937
283120,3.044551782
7980,3.115333391
1289,-3.04581849
54739,-3.083792612
10690,-3.330521133
1462,-3.398761579
58499,-3.076520858
79633,-3.122550029
84675,3.439854298
399694,3.530936176
3486,3.14028412
151354,3.002715523
3434,-2.970418973
1193,3.369631516
55784,3.569622217
105221694,-3.510703645
152485,-3.339658551
1946,-3.339658551
4938,-3.026148889
7852,3.204232977
4600,-3.452015223
113230,-3.210181994
440905,2.871026051
6091,-2.864948482
429,3.001443782
101928944,-3.411519839
342945,-3.411519839
10397,2.793596777
92370,-3.06722767
146177,3.196500724
84952,2.949669734
2706,3.325082834
653149,-2.830201733
445582,2.851304711
2902,-3.220439944
2330,2.799797933
105374278,3.141135008
57010,3.169241305
51129,2.959893006
1903,2.846953958
220441,3.01484236
1345,2.684536419
7042,-2.898189367
4599,-2.829523338
9846,2.883433867
80070,3.118758738
35,3.299352424
948,3.169475609
55089,2.857631297
3678,2.699080228
158471,-2.923792324
93556,-2.897669703
90102,2.8931692
23586,-2.64231213
28965,-3.190006712
100302175,-3.190006712
3868,3.152831004
168667,-2.798771664
100033819,2.8139633
140730,-2.740890205
283316,2.923070479
1038,-2.671173546
23581,2.760583228
10100,3.196704727
56241,3.196704727
3358,3.196704727
56924,2.982802557
1847,2.787509667
5359,-2.578106246
10272,-2.832890513
4211,-2.661829832
83666,-2.539646843
100526832,-3.065035102
3570,2.835821925
653,-2.636271643
340267,2.64242979
6340,3.018026953
79973,3.018026953
100506930,2.995032745
1288,-2.768942841
4680,2.465891468
3936,-2.663691425
10205,-2.599137054
105373990,2.671126001
159963,2.762846157
286223,2.872288196
1475,2.827097731
729025,2.652839011
81607,2.489513198
10244,-2.605055142
100134229,2.774579745
55024,2.947914763
57402,2.447169295
54102,2.651671051
26049,-2.628857118
489,2.427020128
8564,2.856556387
2099,6.270024821
10551,-5.950826899
1948,-5.318271412
729920,-4.694584856
5074,-4.577976919
11016,-5.480060299
129303,4.28964729
102723989,5.041719768
105371591,4.482830373
388559,4.371406557
9001,4.630021803
101929234,4.443055302
81575,4.160604049
120863,4.628644736
64943,-4.780979762
102723886,4.195208021
4952,-4.722995805
4298,-4.639972616
84669,-4.637121182
51276,3.949336526
2117,-4.600994425
7072,-4.119928523
151477,4.388097301
101927269,4.388097301
114112,3.613876274
84329,3.777002865
401024,-4.490010933
8566,-4.48684681
118672,4.081008284
374864,3.659958674
6446,3.659958674
54843,-3.990346148
5980,-4.428672811
10016,-4.876226193
23160,-4.391931644
2201,-4.385149727
23242,-4.378335778
387911,3.998344579
6876,3.886920763
91137,-4.364610567
3927,-3.882466656
286097,3.824830926
6911,3.701734249
7771,3.463315672
677849,3.924517279
56893,-4.315517187
5167,-4.293954752
644,-4.293954752
80119,3.652871464
644096,3.652871464
9282,-3.799783062
8897,-3.607016238
26830,-3.576116007
2982,-3.541878158
91179,4.405596673
138065,4.099255829
121952,3.846707277
57523,3.256743408
51699,-4.196603892
22998,-4.196603892
7011,-3.728420475
10365,-3.717541483
162494,3.126338614
3142,4.017008797
93653,3.88521538
23300,-4.153353721
5585,-4.153353721
25930,-3.673186117
23335,-4.133257589
340017,3.373334749
497258,3.824183281
9658,3.733726661
677811,-3.661880873
58475,-4.112877568
51100,-3.630326754
5606,3.221121251
9453,-3.424326551
677800,-3.20991509
5518,-3.621599945
54537,-5.092643188
25941,-4.088035328
93035,-4.083853046
339005,3.22591181
136051,3.385175907
5709,-4.0585015
7408,-4.045656689
5217,-4.041349546
8869,3.376833675
123283,3.218372578
101927027,3.218372578
729614,3.660333747
129881,3.402649182
100507388,4.23612878
1641,3.929787936
54951,3.081061907
4780,-4.015233101
65260,3.243874381
100169762,-3.155564991
100169763,-3.145641551
10788,3.015881558
100169761,-3.154560932
5290,-3.999777284
3839,-3.988635152
25829,-3.518820725
2135,3.292203803
100534611,3.584404176
100151684,-3.970626794
6741,-3.96608936
79867,-3.961537611
283174,3.213074155
1950,3.136018123
26782,-3.512540677
29115,-3.483937176
79868,-3.480723718
2539,-3.924597192
101928208,3.783488991
100874039,3.59652249
115560,3.087100425
104355295,3.545067686
101927455,3.545067686
5055,3.410479797
171391,3.347618968
400242,3.287383121
171220,3.173968828
57161,3.173968828
2274,3.173968828
285958,3.173968828
105373132,-3.915212381
8314,-3.896257601
4238,-3.896257601
2057,3.10702325
100169768,-2.972383856
22862,-3.23310526
3735,-3.428310421
5504,-3.424970494
58533,-3.675670331
199745,3.146213643
83695,-3.877050466
9833,-3.877050466
100288798,3.207137536
826,-3.202578543
100169767,-2.980746475
9725,-3.184814888
64327,-3.401371966
100169766,-2.9741645
7103,-3.857584165
23581,-3.837851608
116841,-3.832876008
103504728,-4.244021831
100169765,-2.960526841
91010,-4.320426587
26958,-4.278085616
220136,3.112687619
100169764,-2.955646186
514,-3.186349323
10978,3.279392363
101927659,3.279392363
100616434,4.044071202
51435,3.737730358
338427,3.605936941
647024,-3.827883188
54778,-3.817845411
1627,-3.807737305
58505,-3.802656569
3222,2.973505353
10454,2.871758672
51166,3.162101747
1054,-3.324587696
387893,-3.286328576
8780,-3.797557877
9444,-3.787306114
116983,-3.782152785
90411,-3.782152785
100189032,-3.776980981
890,-3.776980981
83892,-3.771790571
101927746,3.631851689
84695,3.444885188
677830,-3.317400337
51333,3.062869905
101928445,3.235704908
100505894,3.184090258
2705,3.08609084
200916,2.994327002
9716,-3.116019958
51175,3.023611188
100505854,2.876131538
4151,2.818247322
55040,-3.745554664
5476,-3.74024974
441234,3.072888809
9124,3.032760368
79684,2.754922484
26996,-3.070972042
5580,-3.713428513
222171,-3.70255883
9166,-3.70255883
90853,2.695107508
24137,-3.251050086
3855,-3.235881814
23152,-3.020947736
10438,2.784972518
8940,-3.686099191
23210,-3.680570648
9841,-3.669449595
9060,2.975528221
100335030,2.905910513
3556,2.839498148
57128,2.884892431
51149,2.855421135
84458,-3.228237453
1525,-3.221707746
90480,2.690825964
144501,-2.74168546
92558,-2.98945908
3110,2.765307437
100293704,3.024897576
3832,-3.205058291
58986,-3.197248401
776,-3.197248401
100500847,3.068824196
816,2.970824778
284498,2.924213393
79980,-3.658242149
128,-3.643200053
148229,3.014786657
441250,2.681828988
10120,2.774016077
51125,-2.976423241
1964,-2.882958839
8863,-3.18150063
374354,-3.18150063
360132,2.860173261
29993,-3.624087762
790,-3.621204727
84832,-3.614493812
10193,-3.61252089
8031,-3.600860529
4860,-3.600860529
85457,-3.600860529
140699,-4.07048212
9673,-3.157551904
401474,-3.134180962
9693,-3.133198908
23593,-3.133198908
4069,3.275417296
114757,3.190299205
2570,3.109924471
105373226,2.715870945
5802,-2.643954392
100507057,4.004075282
101927084,3.82246174
100874093,3.82246174
406997,3.516120896
100500873,3.516120896
100272216,3.268213384
256126,3.263572345
139231,-2.696056371
6097,2.812938409
23753,2.746526044
84447,2.617513138
1793,-2.909997272
222584,-3.577253213
54795,-3.565303095
2074,-3.559290711
79752,-3.559290711
283349,-3.108427761
9619,-3.108427761
2030,2.609501607
64386,2.671688662
100500815,-2.909048076
6472,2.582690888
50808,-3.100075285
5066,2.556777698
9480,-3.553253166
8491,-3.553253166
5899,-3.553253166
116828,-3.541101743
2203,-3.541101743
163183,2.826647405
7762,2.749591372
4582,2.508995957
3281,-2.881776895
7414,-2.774388772
57666,-2.769531785
100009613,2.551774673
677770,-2.499910873
388,-2.625717452
25896,-3.07472374
6309,-3.066173252
2644,2.716470996
6434,-2.709723862
574029,-3.713169767
56652,2.943542823
132160,2.845543405
57451,2.845543405
11191,2.798932019
55096,2.753779567
27031,2.563267529
56243,-2.630302564
8777,-2.871961587
4832,2.6878654
6506,2.776008911
10600,-3.504021044
55680,-3.497747199
5686,-3.491445952
10732,-3.491445952
3421,-3.491445952
83666,-3.967666863
100996724,-3.958758794
11155,3.13094484
54805,3.13094484
10324,2.996356951
100506217,2.785152967
1479,2.473395274
112479,-3.035841045
4571,-2.441125173
151636,-3.117438661
56154,2.546535405
57489,-3.0238806
11264,2.482270954
283989,-3.478760286
57599,-3.472375376
4052,-3.465962084
9684,-3.465962084
27342,-3.459520155
994,-3.453049332
178,-6.777525597
158471,-6.352790554
85320,5.423836207
100033420,5.506120465
81575,5.565682114
94025,-5.80982423
2114,5.656276491
692235,5.195552627
2567,6.063913797
729920,-5.396274899
117177,-5.383025023
10551,-5.351627042
399670,5.414117821
57418,5.823309937
282973,5.133264664
153572,4.673985028
122042,5.151565059
105370828,5.151565059
640,5.151565059
685,4.787851514
149069,4.573085856
252884,4.573085856
4779,-4.975589122
3158,4.088229892
145837,4.198112951
1847,4.553791412
100505795,4.007844189
5304,3.944292562
27295,5.140279082
104472713,4.366931493
9526,4.656957671
9885,-4.746465689
85379,-4.680605673
5570,4.718829446
100033427,4.479176355
100874188,4.16533222
339005,4.161107606
53353,-4.341498936
51018,-4.658781507
8359,4.085970641
574444,5.364863179
102724552,4.830359129
11144,4.830359129
136263,4.830359129
6990,4.022483653
57402,-4.007335434
148789,-4.604001002
100507034,4.050157936
406985,4.126327633
10734,3.955349763
51249,3.805098842
101928012,4.899675223
145258,4.593517513
7164,4.286789428
389333,3.972945293
105371937,4.274104194
80168,5.172733712
102724428,5.172733712
406886,5.172733712
440925,4.638229662
6473,4.638229662
55755,-4.115633127
9314,3.645613879
5165,-4.42595087
23262,-4.40279593
100861548,3.745369715
140545,3.64977842
4957,-4.391077591
25923,-4.049414137
100507240,4.456276685
100132781,4.456276685
5697,4.203852463
57338,4.092476953
692053,3.989086805
84898,-4.041865287
1783,-4.343228561
9882,-4.337134286
65072,3.605352056
100191040,4.094943159
28952,3.797344552
51004,3.532259602
100506606,3.597895384
84319,3.72370667
389668,3.64666219
3064,-4.268341078
54768,-4.98645802
114609,3.937790657
6049,-4.248995656
101928710,4.416524436
24142,4.208878907
83657,4.304594598
134728,4.304594598
100033431,4.052170376
55287,4.052170376
29083,3.837404718
387103,3.837404718
5829,-4.212840924
3856,-3.353194963
51304,-4.196102577
9685,-4.196102577
8334,3.503203918
202151,3.678575811
7474,-4.175756794
5074,-4.162031766
4649,-4.162031766
100033421,3.833172589
100033415,3.589103786
729085,4.951028485
100505989,4.951028485
7589,3.657517139
9690,-4.151651621
29920,3.261533045
284800,4.090595406
728882,3.858521501
26094,3.280040995
5594,-3.549767427
100169760,-3.109319294
10951,-4.105787426
149371,-4.098600167
9110,-4.098600167
5048,-4.091376922
203069,3.499471826
355,3.374030922
79739,3.294268273
4680,-4.081713627
7086,-4.076821025
105376060,4.18387537
7053,3.882646533
5153,3.667880875
100505783,3.667880875
7401,3.667880875
153396,3.329926545
79710,-4.054708056
646424,3.501543788
5424,3.424499307
64743,3.424499307
55502,3.351361498
80007,3.668790836
23413,3.468172269
51313,3.161985166
27042,-4.032250867
26036,-4.032250867
285704,-4.02847378
55196,-4.024686777
55197,-4.024686777
9475,-4.024686777
4285,-4.022789542
26586,-4.01708282
84248,-4.01708282
196472,3.731636294
7569,3.153917495
7756,-4.005601205
54994,-4.001753604
100033426,4.441228464
84525,4.135070755
23384,-3.982360157
7094,-3.978449987
23164,-3.962702458
64853,-4.732407554
25758,3.406482898
4353,4.154451553
154907,4.154451553
283463,-3.045772255
56256,-3.938754103
10062,3.268993843
29766,-3.630896408
27075,-3.628378438
10309,3.254879535
7841,3.173694141
286053,3.173694141
90557,3.379887915
161882,3.274764794
1522,3.274764794
80209,-3.906191741
80856,-3.906191741
60559,-3.897935005
11315,-3.889630742
9927,-3.889630742
7088,-3.885460617
149041,-3.289049771
10867,-3.864427243
6453,-3.860183518
51275,3.183259602
6810,3.128481324
10615,-4.577060947
2934,-3.847376928
152137,-3.838775605
84669,-3.831597355
23112,-3.496524103
10163,-3.490990803
100532731,-4.566881721
10528,-4.544542627
100033418,4.140721161
163183,3.942941288
402569,3.942941288
283248,3.690517066
100134368,3.690517066
122945,3.475751408
387066,3.475751408
154075,3.475751408
7110,-3.254497577
105369669,2.963783561
105371414,3.408957081
55841,-3.463001422
55125,-3.451651834
842,3.149452862
65005,-4.535905885
51230,-3.790529219
6389,-3.782478442
8771,4.081093316
3459,2.984152133
9076,3.03273947
51754,3.054556853
29914,3.132981779
2885,-3.758965048
10150,-3.740613396
4579,-4.754533735
54583,-3.187431214
100506963,3.402793417
101867536,3.016123844
115948,3.369153412
285440,3.369153412
5523,-3.399443914
84193,-3.39352467
11201,-3.731349281
5894,-3.726694819
146691,-3.722025293
80003,-3.703194565
1729,-3.119216864
648,-4.444347222
7273,-3.372613942
341640,2.923717658
55233,-3.684114797
347,2.722670897
3038,3.013535417
199221,2.982143854
642658,2.998776557
58499,-3.071578272
23527,-3.339129339
4650,-3.332956842
92255,2.714296632
998,-3.640239739
2904,-3.635281335
9894,2.815597964
140711,3.353791605
8382,3.353791605
162968,3.06381632
23060,-3.326757824
27289,3.176784063
6059,-3.625313109
23284,-3.623611639
4942,-3.620303048
4801,-3.60516762
692204,3.571407232
1357,3.480982446
390637,3.395892541
79159,3.31554294
2624,3.31554294
100506514,3.31554294
8464,3.31554294
6536,3.239433237
729887,3.167138311
353497,3.167138311
10955,-3.307999329
9026,-3.292178754
92799,2.814757429
92140,-3.058246849
28996,-3.053232784
824,-2.902443684
8895,-3.282602459
388685,2.924975301
23306,-3.594988394
54956,2.952636321
7466,2.952636321
23090,2.828349501
6083,2.670352839
3265,3.721236061
80781,3.468811839
400046,3.254046182
6495,3.254046182
51454,3.254046182
117247,3.254046182
347475,3.254046182
2683,-3.260007428
6311,-3.256750484
9147,-3.243648678
9904,-3.564012558
4771,-3.553537701
23093,-3.542986233
55234,-3.542986233
7253,3.032676312
5243,2.955631831
9926,-2.800141744
283537,2.771875238
100423037,4.368468592
114794,4.368468592
101929138,4.368468592
389813,4.368468592
220930,3.833964543
132989,3.833964543
64005,3.833964543
6464,-3.521648926
10209,-3.521648926
340481,-3.521648926
11338,-3.510860752
2023,-2.7182842
283237,3.05147213
5875,2.959724676
154214,2.873464624
8864,-3.183171982
441242,2.903752498
347862,2.894380889
5420,2.806914718
55325,2.779672619
132789,2.726684708
55002,-2.731583488
7171,-2.891244417
51068,2.586857698
92558,-3.169381355
23759,-3.472453895
101730217,-3.472453895
146198,-3.466882774
8971,-3.466882774
4784,-3.461290056
22868,2.624026881
5257,-2.910813597
619383,2.637465732
10657,-3.148445049
6390,2.595292851
1602,-3.24357419
81620,2.853238323
9824,-3.900387739
10273,-3.888175917
6097,3.202109519
53832,3.07904233
158056,3.07904233
692084,2.788259663
54617,-3.455675573
9738,-3.444380629
23361,-3.444380629
144132,-3.438699822
54606,-3.438699822
84733,-3.432996558
5905,-3.432996558
58478,-3.421521942
89944,2.767202096
9759,2.767202096
5509,2.767202096
3364,2.767202096
25913,2.767202096
51074,2.731978182
23198,-3.112861547
8140,2.620423204
1880,2.975008844
345757,2.975008844
8353,2.975008844
23288,-2.874320406
57498,2.537658628
5499,-2.826486426
284001,-3.085585858
10114,-3.083749012
285753,2.71392579
57494,-2.865766175
4588,3.452396385
2314,-3.40995533
6659,-3.40995533
51100,-3.398295234
23788,-3.398295234
51594,-3.398295234
9897,-3.398295234
56929,-3.386540131
285116,-3.879976894
101101776,3.141842829
414763,3.078052434
2310,2.996768964
54790,-2.717164326
10092,-3.057784539
84142,2.657242367
11120,2.613823563
8082,-2.848504029
606500,4.176851979
101928868,3.884986696
79006,3.012212033
2822,3.012212033
136853,2.914231301
79018,2.822483847
10106,-2.816310122
6560,2.500906419
9742,-3.374688459
8669,-3.368725912
56061,-3.368725912
8455,-3.36273862
8566,-3.356726376
57102,-3.350688973
389677,-3.350688973
11022,-3.344626198
6284,-3.344626198
2099,9.834319858
102723809,6.871059192
100847035,6.913291903
115950,6.37139198
26784,-6.790877449
285512,6.490535517
728621,5.676327004
219578,6.085844026
100302137,5.891945456
71,-5.694464943
84133,5.128147917
407977,6.296759202
8741,6.044921568
677829,-5.595005203
124044,5.318537642
114599,-5.807755173
10392,4.944774607
133022,5.713743638
100134934,5.289692545
284071,4.917902732
81621,4.913116012
5118,5.655595192
1731,4.856253229
246184,4.822937348
58476,4.649237156
8826,-5.362953702
440894,5.589057898
151009,5.132226706
55699,-5.290192829
8711,4.621383893
3181,-4.501202769
285,4.691883837
2058,-5.210328737
4519,-4.318810125
79029,4.507145182
10905,-5.153020816
51091,4.247131469
6883,4.197724245
163183,4.81847989
253039,4.141326462
9898,-4.964103965
389362,4.332295778
23019,-4.957038171
23468,-4.947346887
8896,4.112597156
29085,4.089265001
101927597,5.125415131
285343,4.034522448
3169,-4.574828808
50628,4.155912828
84885,4.106027389
576,4.012132921
1981,-4.543760599
4853,-4.536990481
2029,-4.845980402
140890,-4.832003984
6125,-4.457332208
1384,3.905817599
805,-4.779080998
157,4.091503393
6136,-4.766893607
100529145,4.17585124
4151,4.013641181
10956,-4.718075869
9238,4.024410392
1376,3.91915233
7534,-4.161430117
23524,-3.815870829
90423,4.409208573
3178,-4.548700058
79026,-3.798221801
148362,-4.614108848
5098,3.954973605
222255,3.75272355
7430,-4.235585697
195828,3.734042343
3693,3.73572751
23394,-4.524832113
3362,5.401525719
55922,3.708188657
57535,-4.497643518
387646,4.928343432
116412,4.763155733
23389,-4.48787145
54885,3.7099463
11226,-4.46178688
55180,3.906276591
23404,3.556184517
29956,-4.448107504
388561,3.6062546
79596,3.62493753
29941,3.610400443
4781,-3.725354181
113235,3.731950259
23098,3.676713559
10765,-4.048142628
54904,-4.043281968
8476,-3.673972997
10015,-4.351147359
27163,3.617200965
152831,4.233925223
9227,4.142255205
84954,3.545540079
3964,-4.301641069
11160,-4.299611229
283463,-3.461106745
25855,3.405491366
140685,3.777968755
81928,3.45827318
1822,-3.689492773
101060684,-4.203664874
2195,-3.642307776
28956,3.49851247
27229,3.471075555
6431,-4.247914222
84629,-3.557878214
1975,-3.898623376
10236,-3.887248763
94101,3.557537509
311,3.396956631
2330,3.389402699
10142,-3.699410966
780854,-3.354651567
57542,3.290745526
171177,3.413897334
378708,3.858516055
100526739,3.704848386
652966,-3.471540049
64762,3.310902443
493856,3.549169004
26831,-3.655974868
6421,-3.487369121
114825,3.285727035
7701,3.462966436
84926,3.352095856
9782,-3.831952723
1108,-3.534540494
79666,-3.817079347
83716,4.308613596
144811,3.305383268
9276,-4.143142191
25871,3.282473823
57674,-3.370660023
1072,-3.610642169
57728,3.260087057
1363,-4.106456273
132720,3.342608692
84061,3.209908395
100128055,3.776117864
4645,-3.767837964
23054,-4.097137156
26768,-3.221908049
83692,3.378596652
5310,-5.56352837
55175,3.169235754
2582,3.503466493
1,4.774792418
11273,-4.047199027
1938,-3.180487926
2782,-3.706901312
2803,-3.229026218
92181,3.181841865
6745,3.072641783
9517,-3.602554265
4509,-3.088957721
124808,3.131543866
340348,3.824653906
56913,3.262705468
22950,3.128235999
65990,3.45420362
1622,-3.370268863
56910,3.071835343
25853,3.096422368
6142,-3.972286743
84181,-3.631989925
166,-3.94441794
83442,3.105479952
10336,-3.933987075
3459,3.183125407
101928062,4.278287965
221946,4.130085945
2891,3.995699857
283635,3.015962981
22898,3.346430081
5297,-4.222974212
85456,-3.502958785
8526,2.984063742
10437,3.035644405
7351,3.222470488
25924,3.222470488
3192,-3.041159123
4179,-3.134965811
100133331,3.29887022
9780,2.901681556
7520,-3.828127051
7803,-3.828127051
23288,-3.828127051
1106,-2.989171392
677826,-3.410202574
283820,-4.54196144
54931,3.084931799
10297,3.285429708
9917,-3.400732846
595,-3.083692023
27339,3.002610033
57402,-3.189274473
100996712,2.925354993
105376336,3.155398668
55010,3.034372659
7846,3.028495442
85495,-2.836813187
84936,3.110495149
2517,3.34418793
677807,-3.072449532
780852,-2.892607375
54431,-3.334635628
3035,2.936776827
55288,2.824192696
23015,-3.463061457
100996573,3.051301799
2962,2.800652057
60684,2.784241656
134145,3.155733894
7095,-3.176377488
7905,-2.968494422
4331,2.850403531
23031,3.05038221
811,-3.054219916
80790,2.772393163
22974,2.729812912
63901,2.736784061
4536,-2.713659656
3921,-3.039552189
5872,-3.083045156
57176,4.524917301
5802,-3.071141575
252839,2.768895607
7150,-3.125102711
6080,-2.782003787
688,2.735145308
574040,-2.902776321
55205,2.786427058
55672,-5.099138593
5884,2.776264857
6124,-2.838846359
26851,-2.778693221
79572,2.690518678
57182,-3.203531892
57522,-2.988617122
23647,2.685201186
5499,-3.31917998
64710,-2.682317955
105371371,3.808646849
10643,3.808646849
4155,3.551332898
23443,2.652454095
222235,3.29739428
5255,2.759720993
10295,2.739189872
390916,2.78068557
54536,2.749895307
83666,2.892601808
84826,3.340460421
2678,3.229394955
5547,3.149881475
203286,3.149881475
750,3.253286238
4793,3.006078987
10205,2.89940746
2335,3.024746672
4538,-2.582288595
6122,-2.811518697
22948,-2.96278435
5783,2.613030354
6189,-2.799617628
8148,-4.09034381
8976,-4.066826957
677835,4.665863753
27069,2.655884651
440270,-3.243591976
54680,2.628865829
473,-3.086736665
55567,3.956848868
5792,-2.823077071
677802,-2.685255512
28988,2.571306361
6249,-2.79204991
93380,2.744032298
26298,-3.457684309
5226,-3.454038774
6090,-3.450384004
6129,-2.76408746
80232,-2.695777518
9057,-3.050861349
408050,-4.140604858
9110,-3.446719951
9097,-3.435671626
682,-3.431969969
64429,2.743102704
1495,-2.724893861
4076,-2.871476962
574406,2.698466812
55705,-2.765114773
25836,-2.858607871
26805,-3.022739808
11034,-2.730847271
11042,-5.619898528
4841,-2.750999626
3488,-3.002848591
6146,-2.647292786
1213,-2.542996919
65125,-2.57852942
1937,-2.73183592
4736,2.469263987
5034,-2.572452754
84976,2.72961839
2593,2.72961839
60,-2.446273702
283450,-2.804993914
23512,-3.38104513
9265,2.834179789
4573,2.53603493
4540,-2.407523466
5573,-2.584710238
6147,-2.545551875
